{
  "GlobalConfiguration": {
    "BaseUrl": "https://localhost:7062"
  },
  "Routes": [
    {
      "UpstreamPathTemplate": "/gateway/checkout/calcluatePrice",
      "UpstreamHttpMethod": [ "Post" ],
      "DownstreamPathTemplate": "/api/checkout/calcluatePrice",
      "DownstreamScheme": "http",
      "DownstreamHostAndPorts": [
        {
          "Host": "localhost",
          "Port": 32773
        }
      ]
    },
    {
      "UpstreamPathTemplate": "/gateway/product/getProducts",
      "UpstreamHttpMethod": [ "Get" ],
      "DownstreamPathTemplate": "/api/product/getProducts",
      "DownstreamScheme": "http",
      "DownstreamHostAndPorts": [
        {
          "Host": "localhost",
          "Port": 32773
        }
      ]
    }
  ]
}